specificGravity,albumin,serumCreatinine,haemoglobin,packedCellVolume,redBloodCellCount,hypertension,diabetes,prob0,prob1,pred0,pred1
1.02,1,1.2,15.4,44,5.2,1,1,0.11,0.89,11,89
1.02,4,0.8,11.3,38,4.695194925,0,0,0.05,0.95,5,95
1.01,2,1.8,9.6,31,4.695194925,0,1,0,1,0,100
1.005,4,3.8,11.2,32,3.9,1,0,0,1,0,100
1.01,2,1.4,11.6,35,4.6,0,0,0,1,0,100
1.015,3,1.1,12.2,39,4.4,1,1,0,1,0,100
1.01,0,3.072454308,12.4,36,4.695194925,0,0,0,1,0,100
1.015,2,1.1,12.4,44,5,0,1,0.02,0.98,2,98
